team_api_id,league_id,name,team_long_name,Build Up Play Speed,Build Up Play Dribbling,Build Up Play Passing,Chance Creation Passing,Chance Creation Crossing,Chance Creation Shooting,Defence Pressure,Defence Aggression,Defence Team Width
9987,1,Belgium Jupiler League,KRC Genk,56.33,17.33,44.33,55.67,52.33,55.83,49.17,50.67,59.83
9993,1,Belgium Jupiler League,Beerschot AC,46,0,41.5,46,53.5,53.75,48.25,49,58.75
10000,1,Belgium Jupiler League,SV Zulte-Waregem,55.5,14,52.67,50,49.33,41.5,48.67,56.17,47.83
9994,1,Belgium Jupiler League,Sporting Lokeren,64,15,53.5,44,47.67,54.33,48.83,55.17,55.5
9984,1,Belgium Jupiler League,KSV Cercle Brugge,53.67,16.33,44.17,59,60.33,48,60.17,49.67,64.67
8635,1,Belgium Jupiler League,RSC Anderlecht,51.33,15.33,45.17,63.5,55,51.33,59.67,47.67,63.83
9991,1,Belgium Jupiler League,KAA Gent,54.17,18.33,46.33,44.5,64.67,44.17,51.33,50,45.67
9998,1,Belgium Jupiler League,RAEC Mons,51.67,16.67,51.67,55,60.67,46,46,45,47
9985,1,Belgium Jupiler League,Standard de Li√®ge,59.67,15,60.33,54.67,58.83,61.33,51.5,57.5,56.5
8203,1,Belgium Jupiler League,KV Mechelen,56.67,14,47.33,47.5,49.83,50.33,47.67,58.83,52
8342,1,Belgium Jupiler League,Club Brugge KV,49.17,17.33,46.5,48.83,55.83,47.67,53.67,53.83,54.67
9999,1,Belgium Jupiler League,KSV Roeselare,65,0,60,50,35,40,65,70,70
8571,1,Belgium Jupiler League,KV Kortrijk,40.83,13.33,51,39.33,64.5,40.33,46.33,49.5,53.33
9996,1,Belgium Jupiler League,Royal Excel Mouscron,50,50,50,50,50,50,45,45,50
10001,1,Belgium Jupiler League,KVC Westerlo,45.75,11.5,53,55.5,52,43,53.5,54.75,60.75
9986,1,Belgium Jupiler League,Sporting Charleroi,53.4,18.8,49,44.6,45.2,51.4,48.4,54.4,53
9997,1,Belgium Jupiler League,Sint-Truidense VV,51.67,0,52.67,50,52.33,50,42.67,45.33,45.67
9989,1,Belgium Jupiler League,Lierse SK,64.8,17.6,59.4,55.8,50.6,58.8,41,48.8,61
6351,1,Belgium Jupiler League,KAS Eupen,50,0,55,50,55,55,50,50,55
1773,1,Belgium Jupiler League,Oud-Heverlee Leuven,52,17,50,50,53,54,43,44,50
8475,1,Belgium Jupiler League,Waasland-Beveren,46,30,47,41.33,34,48.67,27.33,39.33,35
8573,1,Belgium Jupiler League,KV Oostende,52,49,54,45,42,53,42,47,44
274581,1,Belgium Jupiler League,Royal Excel Mouscron,50,50,50,50,50,50,45,45,50
10260,1729,England Premier League,Manchester United,51.83,12.67,45.83,50,63.17,53.83,45,48,54.83
10261,1729,England Premier League,Newcastle United,58.17,13,55.33,53.5,57.33,49.83,46.67,48.33,48.33
9825,1729,England Premier League,Arsenal,52.33,17,31.17,34.67,46.33,46.5,50.5,46.5,50.5
8659,1729,England Premier League,West Bromwich Albion,57.5,11,51.5,53,56,54.67,43,45.67,54.83
8472,1729,England Premier League,Sunderland,57,12.67,60.83,56.67,55.33,59,43.67,52.17,51.83
8650,1729,England Premier League,Liverpool,57.67,18,44.33,41.33,47.83,57.33,51,52.5,56
8654,1729,England Premier League,West Ham United,62.83,12.67,55.33,50.33,65.5,40.5,32.5,42.83,40.17
8528,1729,England Premier League,Wigan Athletic,47.17,12.17,50.67,52.67,55.5,45.5,50,54,46
10252,1729,England Premier League,Aston Villa,65.67,11.5,58.67,54.83,56,47.33,36.83,48.67,51.17
8456,1729,England Premier League,Manchester City,56.5,11.67,44.5,45.67,50.33,52.83,48.67,52.5,51.83
8668,1729,England Premier League,Everton,56.33,13.17,52.5,48.17,58,49.83,48.33,57.5,56.33
8655,1729,England Premier League,Blackburn Rovers,52.5,15.17,63.83,57,56,42,45.67,55,46.67
8549,1729,England Premier League,Middlesbrough,62.67,10,55.83,51,59.5,56,39.33,47,42.83
8586,1729,England Premier League,Tottenham Hotspur,50.67,13.5,46,49.83,59.33,62.33,51.17,50,55
8559,1729,England Premier League,Bolton Wanderers,54.67,11.83,63.83,59.33,55.83,49.5,40,52.83,52.83
10194,1729,England Premier League,Stoke City,60.17,10.83,67,50.17,64.83,44.83,37.33,51.17,43.83
8667,1729,England Premier League,Hull City,58.33,12.5,52.33,53,60.5,50.67,44,44.83,53.5
9879,1729,England Premier League,Fulham,52.33,11.33,53.83,49.83,56.33,52.67,36.67,34.17,47.83
8455,1729,England Premier League,Chelsea,61.67,15.5,45,49.83,55.17,61.67,40.83,50.33,44.83
8462,1729,England Premier League,Portsmouth,59.33,10.67,58.83,49.33,53.17,54,42,49.33,44
8658,1729,England Premier League,Birmingham City,55.67,11.83,66,57.5,64.33,54.5,44.67,52.83,55.17
8602,1729,England Premier League,Wolverhampton Wanderers,58,10.67,61,54,63.67,55.17,49.83,53.17,54
8191,1729,England Premier League,Burnley,51.67,10.67,59.5,62.5,61.83,54.33,51,57.5,61.33
8483,1729,England Premier League,Blackpool,59.83,13.33,56.67,64,51.17,61.33,48.5,50,55.17
10003,1729,England Premier League,Swansea City,51,13,40.5,48,48.17,54.33,49.33,56.33,57.83
10172,1729,England Premier League,Queens Park Rangers,53,12.5,57.5,54.17,52,56.33,50.83,49.83,51
9850,1729,England Premier League,Norwich City,56.17,11,62,52.83,66.33,53.33,42,49.83,52.5
8466,1729,England Premier League,Southampton,52.5,12,44.67,51.33,56.83,51.83,55,59.5,49
9798,1729,England Premier League,Reading,50.83,10.33,58.67,60.17,60.5,49.5,52.67,47.5,56.33
9826,1729,England Premier League,Crystal Palace,56.67,13.5,58.67,68.5,63.5,52.17,44.17,38.5,48
8344,1729,England Premier League,Cardiff City,62,11.67,62.17,58.17,57.33,53.5,46,47.5,52.17
8197,1729,England Premier League,Leicester City,53.67,12.83,54.33,49.33,60,54,55.5,55.83,55.83
8678,1729,England Premier League,Bournemouth,50,13.33,52.5,56.83,49.83,49.83,48.17,52.67,61
9817,1729,England Premier League,Watford,64.83,12.5,57,55.83,53.5,54.33,46,53.83,51.83
8583,4769,France Ligue 1,AJ Auxerre,53.5,18.33,55.17,45.67,63.67,47.5,33.5,46.67,41.33
9830,4769,France Ligue 1,FC Nantes,53.83,20.5,48.5,50.5,50.5,43.83,42.5,47.67,48.33
9827,4769,France Ligue 1,Girondins de Bordeaux,51.17,14.83,38,52.67,60.17,55.33,48.67,48.67,55.17
7819,4769,France Ligue 1,SM Caen,58.33,16.67,43.17,46.17,57.67,52.83,50.83,47.33,56.5
9746,4769,France Ligue 1,Le Havre AC,48.17,18.67,50.5,50.17,52.67,56.33,43.83,55.83,52.83
9831,4769,France Ligue 1,OGC Nice,52,19.33,61.83,51,54.83,45,51.67,50.5,59.67
8682,4769,France Ligue 1,Le Mans FC,62.75,0,47.25,57,65.25,57.5,56,50.75,51.75
8689,4769,France Ligue 1,FC Lorient,52.83,16.33,46.83,50.33,52,54.67,50.83,48.67,55.67
9748,4769,France Ligue 1,Olympique Lyonnais,53.5,20,49.67,52.67,51.83,69.67,49.83,48.83,53.83
9941,4769,France Ligue 1,Toulouse FC,49.33,18.67,55.33,50.5,42.67,44.17,34.83,47.83,46
9829,4769,France Ligue 1,AS Monaco,51.33,18.33,48.67,49.17,42.83,38.17,44.33,47.33,54
9847,4769,France Ligue 1,Paris Saint-Germain,46.83,19.5,45.17,53.83,54.33,54.67,54.5,53.83,58.5
8481,4769,France Ligue 1,AS Nancy-Lorraine,49.33,16,45.17,50.5,57.83,55.5,46.17,51.5,53.33
8639,4769,France Ligue 1,LOSC Lille,48.83,16.83,45.83,60.33,55.5,52.67,55.5,51.17,47
9851,4769,France Ligue 1,Stade Rennais FC,61.83,20.67,40.67,55.17,55.5,63.5,51.5,48.5,56.5
8592,4769,France Ligue 1,Olympique de Marseille,53,23.17,45.17,55.17,66,60.17,50.67,52.83,59.17
9874,4769,France Ligue 1,FC Sochaux-Montb√©liard,61.33,20.67,46,53.67,61.5,46.83,54.33,42.83,54.33
9855,4769,France Ligue 1,Grenoble Foot 38,60,0,60,57.5,55,60,57.5,50,60
9873,4769,France Ligue 1,Valenciennes FC,53.5,19.67,54,50.67,65.83,57.33,42.5,52.67,48.17
9853,4769,France Ligue 1,AS Saint-√âtienne,57.33,18.33,51.33,47,57.5,55.5,36.33,43,49
8588,4769,France Ligue 1,RC Lens,58.5,16,46.17,51,54.5,47.67,49.17,48.5,52.67
10249,4769,France Ligue 1,Montpellier H√©rault SC,49.17,16.83,48.5,47,46.83,53.5,46.5,53.83,50.83
4170,4769,France Ligue 1,US Boulogne Cote D'Opale,48,0,34,39,59,58.33,50,53,67
108893,4769,France Ligue 1,AC Arles-Avignon,43.17,15.67,53.17,46,38.33,39.5,38.33,46,46.33
8521,4769,France Ligue 1,Stade Brestois 29,59.33,16,49.83,46,52.83,62.33,50.17,41.83,56.5
8576,4769,France Ligue 1,AC Ajaccio,60.17,19,48.83,50.33,40.67,52.17,37.83,50.5,48.67
4087,4769,France Ligue 1,√âvian Thonon Gaillard FC,52,17.2,50.6,51.6,58.2,58.4,46.6,53.2,53
9836,4769,France Ligue 1,Dijon FCO,54,18,47.67,47.67,52.17,52.17,40.83,48.17,52
9837,4769,France Ligue 1,Stade de Reims,50.6,19,48.6,51.4,51.6,51.6,35.4,44.2,50
7794,4769,France Ligue 1,SC Bastia,53.6,24.4,48,52.4,47.8,50.2,48.2,52.4,53.2
10242,4769,France Ligue 1,ES Troyes AC,46.2,19.2,50.8,51.6,49.2,45,43.4,42.6,51.6
9747,4769,France Ligue 1,En Avant de Guingamp,53,19,46.4,49.2,51.6,52.2,40.2,49,45.2
8550,4769,France Ligue 1,FC Metz,55,18,48.4,45.8,57.4,54.8,39.2,46.4,47.4
8121,4769,France Ligue 1,Angers SCO,51,20.33,47.5,44.83,53.83,52.83,41.83,46,47.33
6391,4769,France Ligue 1,GFC Ajaccio,54.5,26.5,52,55,59.5,56.5,44.5,46,53
9823,7809,Germany 1. Bundesliga,FC Bayern Munich,48.67,9.67,35.17,38.5,40.67,49.67,57.17,48.83,55.17
9790,7809,Germany 1. Bundesliga,Hamburger SV,48.17,19.5,46.17,57.83,60.5,53.33,53.17,42.5,55
8178,7809,Germany 1. Bundesliga,Bayer 04 Leverkusen,66.83,9.83,48,59,55.83,53,57.67,49.5,53.17
9789,7809,Germany 1. Bundesliga,Borussia Dortmund,72.5,11.67,46.5,65,44.5,66.33,59.33,69.17,46
10189,7809,Germany 1. Bundesliga,FC Schalke 04,55.83,16.17,47,56.17,60.5,53,50.17,54,49.83
9904,7809,Germany 1. Bundesliga,Hannover 96,58.17,18.33,53.5,54.17,45.5,50.5,43.17,49.67,55.67
8721,7809,Germany 1. Bundesliga,VfL Wolfsburg,61.33,18.67,51.33,67,58.33,57.17,55,47.17,53
8722,7809,Germany 1. Bundesliga,1. FC K√∂ln,57.33,16.67,61.17,55.17,41.67,59,45,51.17,60.83
9810,7809,Germany 1. Bundesliga,Eintracht Frankfurt,50.83,14.83,37.67,49.17,55,48.17,49.33,43,53.17
8177,7809,Germany 1. Bundesliga,Hertha BSC Berlin,53.67,16,50.5,53.17,54.83,55.67,49.33,44.33,54.67
9912,7809,Germany 1. Bundesliga,DSC Arminia Bielefeld,49.33,16.33,59.33,48.67,51.33,48,39.67,47.33,49.33
8697,7809,Germany 1. Bundesliga,SV Werder Bremen,58.67,18.33,43.83,63.17,53.17,61.5,57.67,51.67,64.17
8398,7809,Germany 1. Bundesliga,FC Energie Cottbus,49.6,9.4,49.2,49.4,58.8,51.8,57.4,53.4,52.8
8226,7809,Germany 1. Bundesliga,TSG 1899 Hoffenheim,62.5,16.33,47.83,59,55,59.17,57.67,58.17,49
9788,7809,Germany 1. Bundesliga,Borussia M√∂nchengladbach,53.83,17.67,43.17,51,44.83,51.5,42.33,48.67,45.5
10269,7809,Germany 1. Bundesliga,VfB Stuttgart,59.33,19.33,42.5,58.67,64.33,55.83,48.5,50,42
8295,7809,Germany 1. Bundesliga,Karlsruher SC,57.4,21.4,47.4,60,51,54.6,43.4,44.8,45.4
9911,7809,Germany 1. Bundesliga,VfL Bochum,48.67,15.33,53.67,54.83,49.33,46.33,42.33,54.33,50.33
8358,7809,Germany 1. Bundesliga,SC Freiburg,51.5,18.67,43.67,50.67,46.17,44.67,48.5,54.33,40.67
8165,7809,Germany 1. Bundesliga,1. FC N√ºrnberg,45.33,20,47.5,50.5,53,59.17,43.33,50.5,44
9905,7809,Germany 1. Bundesliga,1. FSV Mainz 05,61.83,16.17,51.5,53,47.67,54.5,52.5,62.5,49.67
8350,7809,Germany 1. Bundesliga,1. FC Kaiserslautern,51.17,17,51.67,47.17,62,59.67,46.83,52.83,55.17
8152,7809,Germany 1. Bundesliga,FC St. Pauli,55.17,17.33,55.67,60.83,51.83,50.67,48.67,51,56.17
8406,7809,Germany 1. Bundesliga,FC Augsburg,54.83,14.83,53.17,45.83,64.67,60.17,44.17,51.67,51
8194,7809,Germany 1. Bundesliga,Fortuna D√ºsseldorf,57.17,21.83,48.83,59,57.17,50.83,45.67,56.5,47.83
8357,7809,Germany 1. Bundesliga,SpVgg Greuther F√ºrth,59.83,20,45.67,50.67,51,50.83,46.67,52.83,56.67
9776,7809,Germany 1. Bundesliga,Eintracht Braunschweig,64.75,26,56,58.75,58.5,58.75,49.5,44,48.25
8460,7809,Germany 1. Bundesliga,SC Paderborn 07,66,15.33,55.33,51.83,43.83,60.83,32.83,47.33,47.17
8234,7809,Germany 1. Bundesliga,FC Ingolstadt 04,53.2,22,47.8,49.6,48.6,50.2,36.4,43.6,49.8
8262,7809,Germany 1. Bundesliga,SV Darmstadt 98,59,43,77,52,77,45,32,56,41
8524,10257,Italy Serie A,Atalanta,55.33,15,41.67,42,48.17,52.17,42.67,51.5,52.83
8551,10257,Italy Serie A,Siena,44.8,9.8,45.2,49.6,53.6,52.8,41.2,50.6,52.4
8529,10257,Italy Serie A,Cagliari,56.33,13.83,42.33,52.17,51.67,57.17,46.33,53.67,53.33
8543,10257,Italy Serie A,Lazio,55.5,22.33,49.67,61.5,53.33,63.5,52,52.83,54.67
8530,10257,Italy Serie A,Catania,58.67,17.33,41.33,50.5,50.17,49.5,31.83,58,48.5
10233,10257,Italy Serie A,Genoa,62.83,17.33,51.5,61.33,50.83,47.67,39.17,52.67,45.67
8533,10257,Italy Serie A,Chievo Verona,58,18,57.67,48.33,53.83,55.83,34.83,60.33,53.17
8690,10257,Italy Serie A,Reggio Calabria,52.8,11,44.4,44.8,54.6,55.4,38.2,48.2,50.8
8535,10257,Italy Serie A,Fiorentina,47,18,41.17,60.83,53.83,54.83,49.67,47.5,56.5
9885,10257,Italy Serie A,Juventus,45.83,13.67,32.83,56.67,60.5,65.67,44,57.33,41.17
8564,10257,Italy Serie A,Milan,49.83,23.33,48,58.83,41.67,63,48.17,48.83,51.83
9857,10257,Italy Serie A,Bologna,59.83,17.67,47.33,35.5,49.83,55.33,36.83,46,49
8686,10257,Italy Serie A,Roma,63.67,12.5,40,68.83,56.33,60.5,42.83,47.17,50.83
9875,10257,Italy Serie A,Napoli,62.17,24,39.67,62,59,60.5,49.5,61.33,47.5
9882,10257,Italy Serie A,Sampdoria,42.17,18.67,40.67,46.17,54.33,45.67,47.33,46.5,55
8636,10257,Italy Serie A,Inter,57.83,19.5,57.17,59.5,56.83,64.17,40.17,56.33,46.67
9804,10257,Italy Serie A,Torino,59.33,23,42.67,44.67,59.17,52.33,40.33,41.83,52.67
9888,10257,Italy Serie A,Lecce,45,0,43.33,48.33,56.67,52.33,31.67,60,60
8600,10257,Italy Serie A,Udinese,71,20.83,53,61.33,64.83,54.33,40.67,49.33,55.17
8540,10257,Italy Serie A,Palermo,64.33,20.17,39.17,50.33,38.67,62.5,42.5,45.33,51
9976,10257,Italy Serie A,Bari,51.17,13.33,49,48.83,46.83,57.33,48,45.5,54
8537,10257,Italy Serie A,Livorno,53.17,19.33,53.17,37.17,42,63.17,38,49.67,36.83
10167,10257,Italy Serie A,Parma,44.83,22.83,32.33,53.67,61,53.33,45.17,45.67,51.33
9880,10257,Italy Serie A,Cesena,58.67,10,41,46.5,41.17,65.33,39.5,46.17,53.5
9858,10257,Italy Serie A,Brescia,36.83,18.67,38,43.33,38.83,69.83,41.33,46,56
6269,10257,Italy Serie A,Novara,60,14.25,50.75,53,56,54.25,41.75,48.5,51.25
9878,10257,Italy Serie A,Pescara,59.6,16.6,50.8,50,52,46.2,37.8,49,44.8
9876,10257,Italy Serie A,Hellas Verona,57,18.75,49.75,45.75,53.75,55.25,42.5,55,50.5
7943,10257,Italy Serie A,Sassuolo,50.17,22.67,51.67,51.33,53,58.83,40,41,42
8534,10257,Italy Serie A,Empoli,51.67,14.33,40.67,51.33,52.5,56,41.33,48.83,48
9891,10257,Italy Serie A,Frosinone,54.33,16,41.33,42.33,46.67,60,48.67,51.33,59
208931,10257,Italy Serie A,Carpi,56,45.5,48,58.5,38,52,35.5,49.5,43
8277,13274,Netherlands Eredivisie,Vitesse,42,15.83,39,53.83,46,59.83,45.17,50.17,52.33
8674,13274,Netherlands Eredivisie,FC Groningen,47.17,12.33,41.5,51,59,52.33,44.83,43.67,48.5
9803,13274,Netherlands Eredivisie,Roda JC Kerkrade,47,9.2,45.2,47.6,43.2,51.4,42.2,42.4,42.2
8611,13274,Netherlands Eredivisie,FC Twente,38.5,13.17,38,49.5,57.17,44.33,45.83,47.17,52.5
8525,13274,Netherlands Eredivisie,Willem II,51.5,9,51.25,49,48.25,53,36,43.25,46.5
8593,13274,Netherlands Eredivisie,Ajax,35.17,13.83,33.83,50.67,58.5,49.67,59.83,53.83,54.33
8464,13274,Netherlands Eredivisie,N.E.C.,44,8.4,42.8,45.2,51.8,50.8,38.6,45.6,44
8526,13274,Netherlands Eredivisie,De Graafschap,33.5,0,40.5,45,42.5,64,47,44,45.5
9908,13274,Netherlands Eredivisie,FC Utrecht,50.83,14.83,50,48,56.67,55.17,42.17,48.67,42
8640,13274,Netherlands Eredivisie,PSV,52.33,13,38.33,50.17,54.5,54,43.83,41.5,48.83
9791,13274,Netherlands Eredivisie,Heracles Almelo,46.17,15.17,40.33,43.67,54.83,58,44.33,51,42
10235,13274,Netherlands Eredivisie,Feyenoord,43.83,12.17,44.83,48.5,52.33,43.17,41.67,44,42.83
8614,13274,Netherlands Eredivisie,Sparta Rotterdam,35,0,40,30,45,65,30,30,30
10217,13274,Netherlands Eredivisie,ADO Den Haag,45.5,14.5,50,49.67,56,50.17,45.5,51.33,52.17
10228,13274,Netherlands Eredivisie,SC Heerenveen,50.83,14.67,45,53.83,54.17,47.17,45.17,44.33,47.83
10229,13274,Netherlands Eredivisie,AZ,51.67,14,42.67,54.33,52,55.33,50,55.33,57.17
9761,13274,Netherlands Eredivisie,NAC Breda,42,15.5,48.83,38.33,43,50.67,39.5,41.83,45.67
10219,13274,Netherlands Eredivisie,RKC Waalwijk,45.25,7.5,50.25,46.25,43,55,37.75,36,43
9839,13274,Netherlands Eredivisie,VVV-Venlo,45.5,0,49,52,56,49.75,40.75,48.5,50.5
10218,13274,Netherlands Eredivisie,Excelsior,57.67,13.67,60,62.67,41,44,25.67,39.33,33.67
6413,13274,Netherlands Eredivisie,PEC Zwolle,49.67,25.33,48,54.67,50,55.33,54,54.67,59
7788,13274,Netherlands Eredivisie,SC Cambuur,44,37.5,49.5,46,53,47.5,42,49,47
6433,13274,Netherlands Eredivisie,Go Ahead Eagles,56.5,42.5,53,37,42,52.5,43,47,51
6631,13274,Netherlands Eredivisie,FC Dordrecht,39,33,62,62,66,48,51,58,55
10265,15722,Poland Ekstraklasa,Wis≈Ça Krak√≥w,40.33,16.83,35.17,40.17,55.33,55.67,61.67,59.5,54.83
8031,15722,Poland Ekstraklasa,Polonia Bytom,38,0,44,40.5,34,61.5,56.5,62,55
8020,15722,Poland Ekstraklasa,Polonia Bytom,38,0,44,40.5,34,61.5,56.5,62,55
1601,15722,Poland Ekstraklasa,Ruch Chorz√≥w,47.33,16,46.17,55.5,60.33,53.5,47.17,47.33,49.33
8673,15722,Poland Ekstraklasa,Legia Warszawa,57.17,16.33,42,53,43.83,59.5,56.5,53.67,63.33
2183,15722,Poland Ekstraklasa,P. Warszawa,32.75,0,44.25,48,49.75,59.25,49.5,40.75,51.5
8025,15722,Poland Ekstraklasa,≈ölƒÖsk Wroc≈Çaw,50.67,18,47,52.17,38.67,63.5,40.67,43.83,43
8030,15722,Poland Ekstraklasa,Lechia Gda≈Ñsk,50.83,16,48.33,54.83,48.83,61.33,50.33,58.83,56.67
8244,15722,Poland Ekstraklasa,Widzew ≈Å√≥d≈∫,65.25,13,62.75,56.75,64.25,53,34.25,42.75,59
8242,15722,Poland Ekstraklasa,Odra Wodzis≈Çaw,30,0,45,45,40,70,70,70,65
2182,15722,Poland Ekstraklasa,Lech Pozna≈Ñ,60.33,17.5,49,56.67,57.33,68,51.67,48.5,54.5
8569,15722,Poland Ekstraklasa,GKS Be≈Çchat√≥w,46.6,9.6,46,49.2,47.6,54.8,50.8,53,43.4
8322,15722,Poland Ekstraklasa,Arka Gdynia,38,0,41,39,48.5,61,56,59,57.5
1957,15722,Poland Ekstraklasa,Jagiellonia Bia≈Çystok,47.17,18,52.67,50.83,36.33,67,49.33,56.33,53.67
8028,15722,Poland Ekstraklasa,Piast Gliwice,47,26,56.25,55.25,51,46.75,42.25,51.25,51
2186,15722,Poland Ekstraklasa,Cracovia,41.4,20,46.2,55.4,49.6,52.2,59,44.4,61.8
8245,15722,Poland Ekstraklasa,Korona Kielce,62.33,23,53.83,53,49.33,57.83,47.17,48.33,61
8021,15722,Poland Ekstraklasa,Zag≈Çƒôbie Lubin,41.6,9.8,44.8,50,49,55.2,58.2,52,55.6
8024,15722,Poland Ekstraklasa,Widzew ≈Å√≥d≈∫,65.25,13,62.75,56.75,64.25,53,34.25,42.75,59
8033,15722,Poland Ekstraklasa,Podbeskidzie Bielsko-Bia≈Ça,62,27.5,58.5,57,49,45.5,38,46,43
8023,15722,Poland Ekstraklasa,Pogo≈Ñ Szczecin,55.67,27,42,53.33,46,57,51.33,53.67,52.33
8027,15722,Poland Ekstraklasa,Zawisza Bydgoszcz,54,51,40,56.5,49,52,44,47,52
8019,15722,Poland Ekstraklasa,G√≥rnik ≈Åƒôczna,41,40,59,41,44,54,52,47,50
9773,17642,Portugal Liga ZON Sagres,FC Porto,51,16.67,48.67,55.67,66.83,66.17,53.33,50.33,55.33
9807,17642,Portugal Liga ZON Sagres,CF Os Belenenses,44.33,35.33,44.67,46,39.67,52,35.33,42,42.67
9768,17642,Portugal Liga ZON Sagres,Sporting CP,49.67,21.67,48.17,56.33,60.17,54.83,51.5,48.83,49.33
7844,17642,Portugal Liga ZON Sagres,Vit√≥ria Guimar√£es,42.5,17.33,38.83,55.33,60.83,56,43.17,47.17,56.33
10238,17642,Portugal Liga ZON Sagres,Vit√≥ria Set√∫bal,51,16.33,41.33,54.33,53.83,52.17,35.5,38.83,52
6403,17642,Portugal Liga ZON Sagres,FC Pa√ßos de Ferreira,44.83,13.33,39.33,53.33,53.5,52.83,36.5,40.17,56.67
10264,17642,Portugal Liga ZON Sagres,SC Braga,47.83,11.67,45,55.17,56,50.33,28,51,39.33
10215,17642,Portugal Liga ZON Sagres,Acad√©mica de Coimbra,42.5,17.67,42.67,53.33,54.33,58.33,40.33,37.83,56.5
7841,17642,Portugal Liga ZON Sagres,Rio Ave FC,47.33,15.67,40.67,57.67,59.67,54.33,38.5,45.17,49.33
9772,17642,Portugal Liga ZON Sagres,SL Benfica,59,18.33,45.5,63.83,59,55.33,54.33,51.5,52
6421,17642,Portugal Liga ZON Sagres,Leix√µes SC,30,0,30,50,50,65,30,30,30
10214,17642,Portugal Liga ZON Sagres,CD Nacional,46.67,19.67,38.67,55.33,52.67,52,41.17,44.83,51
9809,17642,Portugal Liga ZON Sagres,Naval 1¬∞ de Maio,40,0,47.5,40,50,60,37.5,35.5,32.5
10212,17642,Portugal Liga ZON Sagres,CS Mar√≠timo,44,16.33,46.67,58.67,65,55.83,38.33,44.5,43.67
9771,17642,Portugal Liga ZON Sagres,"Uni√£o de Leiria, SAD",45.33,0,45.33,50.67,50,48.67,51,48.33,52
2033,17642,Portugal Liga ZON Sagres,S.C. Olhanense,49,12.4,48.4,51.8,44.2,48.2,42.2,33.8,45.4
10211,17642,Portugal Liga ZON Sagres,SC Beira Mar,42,0,47.33,52,52,58.33,40.33,53,58.33
9764,17642,Portugal Liga ZON Sagres,Gil Vicente FC,56.25,33.5,41,54,49.5,46,39,48.5,53
8348,17642,Portugal Liga ZON Sagres,Moreirense FC,38,29,43,51,54,39,44,46,48
7842,17642,Portugal Liga ZON Sagres,Estoril Praia,63.67,37.33,52,47,53,39,46,49,55
158085,17642,Portugal Liga ZON Sagres,FC Arouca,67,66,39,55,59,46,36,38,37
6547,17642,Portugal Liga ZON Sagres,FC Penafiel,54,54,39,52,56,38,40,35,46
8613,17642,Portugal Liga ZON Sagres,Boavista FC,47,56,50,37,38,53,32,62,54
8596,19694,Scotland Premier League,Falkirk,70,0,70,60,70,70,60,70,70
8548,19694,Scotland Premier League,Rangers,51,17,45.5,45,62.5,63.67,49.67,51.5,58.67
9860,19694,Scotland Premier League,Heart of Midlothian,59.6,10.2,60,58.4,63.8,64,53.4,59,61.4
9927,19694,Scotland Premier League,Motherwell,64.83,15.5,56.33,49.5,51.17,53,43.67,48,59.5
8597,19694,Scotland Premier League,Kilmarnock,53.5,16.33,57,53.67,55,50.67,48,49.17,54.33
10251,19694,Scotland Premier League,Hibernian,57.6,9.8,51,52.6,54.6,51.8,47.8,48.8,52.2
8485,19694,Scotland Premier League,Aberdeen,59,21.33,57.33,52.5,63,58.67,46.5,47.67,60.83
8066,19694,Scotland Premier League,Inverness Caledonian Thistle,48.2,19.2,54.2,55.4,49.6,58,42.2,45.6,45
9925,19694,Scotland Premier League,Celtic,61.33,16.83,57.33,55.67,60.83,60.83,53.33,54.33,62.17
9800,19694,Scotland Premier League,St. Mirren,52.67,17.17,56.5,57.67,53.83,58.67,52.67,53,48.67
8429,19694,Scotland Premier League,Hamilton Academical FC,61.33,16,56.33,65,58.67,55,53.67,53.33,58
9938,19694,Scotland Premier League,Dundee United,61.83,18.17,58,57.33,55,49.5,47.83,48,57
8467,19694,Scotland Premier League,St. Johnstone FC,62,16.67,53,47.5,48.67,43.33,37.67,47.5,47
8457,19694,Scotland Premier League,Dunfermline Athletic,55,0,60,46,68,54,42,43,63
8284,19694,Scotland Premier League,Dundee FC,48.5,23.5,48.5,35,60.5,59,49,45.5,55.5
8649,19694,Scotland Premier League,Ross County FC,38,32.67,52,46.67,41,48.67,38.33,53.33,41.67
8426,19694,Scotland Premier League,Partick Thistle F.C.,48,49,42,48,51.5,56,46.5,45,50.5
10267,21518,Spain LIGA BBVA,Valencia CF,29.33,15.17,35,43.67,55.67,59.5,49.5,44.5,57.33
8661,21518,Spain LIGA BBVA,RCD Mallorca,56.17,17.67,53.33,52.83,53.33,52.5,54.67,42,54
8371,21518,Spain LIGA BBVA,CA Osasuna,39.67,17.67,49.5,53.5,61.67,56.5,44.33,55.67,65.83
10205,21518,Spain LIGA BBVA,Villarreal CF,38.83,14,32.33,45.5,49.33,61.5,52.5,46.5,56
9783,21518,Spain LIGA BBVA,RC Deportivo de La Coru√±a,51.17,18.33,42.83,39.83,53.67,64.17,42.17,46.5,58.33
8633,21518,Spain LIGA BBVA,Real Madrid CF,50.67,18.5,38.67,67.5,53.83,69,52,52.17,63.5
8388,21518,Spain LIGA BBVA,CD Numancia,50.33,16,45.5,50.67,45.33,56,45,48,59.67
8634,21518,Spain LIGA BBVA,FC Barcelona,35.83,11.67,34,45.17,33.33,53,64.33,54.5,66.5
8696,21518,Spain LIGA BBVA,Racing Santander,47.2,10.4,49.2,63.6,67.4,51.4,48.6,47.8,58.4
8302,21518,Spain LIGA BBVA,Sevilla FC,57,17.67,56,58.33,58.33,52.5,45.5,53.83,59.5
9869,21518,Spain LIGA BBVA,Real Sporting de Gij√≥n,59,16,47.83,66.33,57.17,50.83,46.83,59.17,44.67
8305,21518,Spain LIGA BBVA,Getafe CF,34.5,13.83,39.67,50.33,44.83,55.33,48.17,41,51
8603,21518,Spain LIGA BBVA,Real Betis Balompi√©,52.33,16.33,40.67,55.67,48,56.5,54,46.83,56.67
8479,21518,Spain LIGA BBVA,RC Recreativo,42.5,15.17,50.5,44.67,45.67,36.67,39,48.33,57.67
8558,21518,Spain LIGA BBVA,RCD Espanyol,53.17,17.33,45.17,58.33,60.83,47.33,44.83,44.67,49.33
10281,21518,Spain LIGA BBVA,Real Valladolid,52.83,14,53.67,50.33,59.17,50.33,45.5,51.17,52.67
8315,21518,Spain LIGA BBVA,Athletic Club de Bilbao,51.67,14.5,48,46.67,70.17,46.83,39.67,62.33,56.83
9865,21518,Spain LIGA BBVA,UD Almer√≠a,50,13.67,60.5,55,52.5,49.83,46,57.5,46.17
9906,21518,Spain LIGA BBVA,Atl√©tico Madrid,53.17,17,47.83,64.67,62.67,60,55.5,39.17,54.33
9864,21518,Spain LIGA BBVA,M√°laga CF,48.5,15.5,42.17,58,57.83,55.17,54.83,53.83,46.17
9868,21518,Spain LIGA BBVA,Xerez Club Deportivo,47.5,0,44,45.25,50.75,50.25,47.25,52.5,53
8394,21518,Spain LIGA BBVA,Real Zaragoza,39.17,16.67,33.5,51.17,49.5,56.67,46.5,41.83,55
9867,21518,Spain LIGA BBVA,CD Tenerife,49.5,25,48.75,56.25,46,58.25,52.75,45,61.5
10278,21518,Spain LIGA BBVA,H√©rcules Club de F√∫tbol,50.6,9.4,49.4,56.6,49.8,61.8,46.6,49.8,55.4
8581,21518,Spain LIGA BBVA,Levante UD,54.5,14.5,56.67,58.33,53.33,58.17,40.67,45.17,52.33
8560,21518,Spain LIGA BBVA,Real Sociedad,40.17,17.33,38.5,56.33,51.17,59.83,47.83,48.5,57.33
7878,21518,Spain LIGA BBVA,Granada CF,52.4,22.4,44.4,65.2,68.4,52.4,49.8,45.8,65.8
8370,21518,Spain LIGA BBVA,Rayo Vallecano,42.17,17.33,43.5,42.5,47,53.17,55.17,51.17,58
9910,21518,Spain LIGA BBVA,RC Celta de Vigo,48.67,18.83,49.67,52.67,57,56,42.67,47,59.5
10268,21518,Spain LIGA BBVA,Elche CF,48.17,16.5,55.33,51.5,51.5,57.33,47.67,48,54.67
8372,21518,Spain LIGA BBVA,SD Eibar,62,51,52,59.5,55,58,37,56,49
7869,21518,Spain LIGA BBVA,C√≥rdoba CF,40.33,15.5,46.33,41.67,59,51.17,36.83,38.33,48.67
8306,21518,Spain LIGA BBVA,UD Las Palmas,46,18.33,43.67,54,44.83,56.83,49.17,42.83,56.67
9956,24558,Switzerland Super League,Grasshopper Club Z√ºrich,49.5,20,53.17,53,58.67,50.33,37.83,46.67,51.67
6493,24558,Switzerland Super League,AC Bellinzona,43.5,0,52,55,51.5,55,38.5,50,55.5
10192,24558,Switzerland Super League,BSC Young Boys,53.83,18.67,63,46,68.5,52,46.5,40,53.5
9931,24558,Switzerland Super League,FC Basel,55,21,44.83,60.83,63.83,52.5,47.67,57.5,54.5
9930,24558,Switzerland Super League,FC Aarau,53,29.67,53.33,56,63.67,61,48,47.67,51
10179,24558,Switzerland Super League,FC Sion,54.33,19,44,60.83,52.67,54.33,42.67,43.83,50
10199,24558,Switzerland Super League,FC Luzern,51.83,17,52.5,53,48.33,61,48,48.33,50.33
9824,24558,Switzerland Super League,FC Vaduz,53,32,56,38,53,46,42,33,58
7955,24558,Switzerland Super League,Neuch√¢tel Xamax,54.33,0,47.33,45.33,55.33,49,44.33,40.33,52.67
10243,24558,Switzerland Super League,FC Z√ºrich,56.83,16.33,50,48,55.17,53.5,48.67,46,55.67
10190,24558,Switzerland Super League,FC St. Gallen,47.6,18.4,51.8,39.8,45.2,44.4,43.8,45.6,50.8
10191,24558,Switzerland Super League,FC Thun,56.6,23.6,35.8,63.2,36.4,59,45,42.8,51.6
9777,24558,Switzerland Super League,Servette FC,42,0,52.33,50.33,67.33,50,51,50,51
7730,24558,Switzerland Super League,FC Lausanne-Sports,38.75,13.75,51.75,49,60,52,46.75,47.5,53.75
